{"Index": "GDAXI", "Date": "2016-04-12", "Open": 9716.75, "High": 9770.469727, "Low": 9617.830078, "Close": 9761.469727, "Adj Close": 9761.469727, "Volume": 75912900.0, "CloseUSD": 11908.99306694}